{
    "name": "supcon_10",
    "supcon_3_acc": 0.6435776731674513,
    "supcon_3_loss": 40.19550955295563
}