{
    "name": "supcon_10",
    "supcon_3_acc": 0.6613987895090787,
    "supcon_3_loss": 46.104687333106995
}