{
    "name": "supcon_10",
    "supcon_3_acc": 0.8796234028244788,
    "supcon_3_loss": 33.681269109249115
}