{
    "name": "supcon_10",
    "supcon_3_acc": 0.8686234028244788,
    "supcon_3_loss": 46.681269109249115
}