{
    "name": "tune_10",
    "technique_1_acc": 0.8760860793544048,
    "technique_1_loss": 134.13450234220363
}