{
    "name": "tune_10",
    "technique_1_acc": 0.8853396099529254,
    "technique_1_loss": 122.9071667494718
}