{
    "name": "tune_10",
    "technique_2_acc": 0.02252858103564223,
    "technique_2_loss": 774.8269703388214
}