{
    "name": "tune_10",
    "technique_1_acc": 0.894754539340955,
    "technique_1_loss": 26.820428799837828
}