{
    "name": "tune_10",
    "technique_3_acc": 0.8860121049092132,
    "technique_3_loss": 123.76693654496921
}