{
    "name": "tune_10",
    "technique_1_acc": 0.8560860793544048,
    "technique_1_loss": 144.13450234220363
}